product_name,product_number,price
Extra DOTS – Series 6,41946,0
Extra DOTS Series 7 - SPORT,41958,0
tbd-Minifigures-Series-23-2022,71034,0
Creative White Bricks,11012,0
Character Packs – Series 4,71402,0
Series 22,71032,202
Creative Blue Bricks,11006,0
Brick Separator,630,0
Demolition Stunt Bike,60297,0
Adhesive Patch,41954,0
Gamer Bracelet with Charms,41943,0
Stitch-on Patch,41955,0
Mickey Mouse & Minnie Mouse Stitch-on Patch,41963,0
Wheelie Stunt Bike,60296,0
Rainbow Bracelet with Charms,41953,0
Into the Deep Bracelets with Charms,41942,0
Chicken Stunt Bike,60310,0
Rocket Stunt Bike,60298,0
Selfie Stunt Bike,60309,0
Fire Stunt Bike,60311,0
tbd-LEAF-15-2022,71410,0
Touring Stunt Bike,60331,0
Reckless Scorpion Stunt Bike,60332,0
Bathtub Stunt Bike,60333,0
Dolphin and Turtle,31128,0
Cyber Drone,31111,0
Super Robot,31124,174
Police Car,60312,31
Zane’s Power Up Mech EVO,71761,0
Bath Time Fun: Floating Red Panda,10964,0
Miles Morales: Spider-Man’s Techno Trike,10781,0
Pony-Washing Stable,41696,0
Police Motorcycle,10967,50
Wild Animals of Africa,10971,0
Mobile Fashion Boutique,41719,0
Anna’s Castle Courtyard,43198,0
Elsa’s Castle Courtyard,43199,0
tbd-LSH-12-2022,76212,0
Cat Grooming Car,41439,0
Forest Waterfall,41677,0
Sports Car,31100,96
Pet Clinic Ambulance,41694,0
Light,88005,56
Fire Helicopter & Police Car,10957,119
Creative Monsters,11017,0
Turtle Protection Vehicle,41697,0
Wildlife Rescue ATV,60300,0
Fire Helicopter,60318,0
Kai's Spinjitzu Ninja Training,70688,0
Chicken Henhouse,60344,0
Stunt Plane,60323,0
Lloyd's Spinjitzu Ninja Training,70689,0
Jay's Spinjitzu Ninja Training,70690,0
Frog Mario Power-Up Pack,71392,0
Kai's Blade Cycle,71734,0
tbd-LEAF-9-2022,71404,0
Lloyd's Ninja Mech,71757,0
Bee Mario Power-Up Pack,71393,0
Bowser Jr.'s Clown Car Expansion Set,71396,0
The Razor Crest™ Microfighter,75321,0
Iron Man Mech Armor,76203,0
Wolverine Mech Armor,76202,0
Race Car,60322,320
Fantasy Forest Creatures,31125,0
Black Panther Mech Armor,76204,0
Off-road Buggy,31123,0
LEGO® DUPLO® Green Building Plate,10980,0
tbd-LSH-19-2022,76220,0
Elsa and the Nokk’s Ice Stable,43209,0
Wild Lion,31112,0
Olivia's Electric Car,41443,0
Mighty Dinosaurs,31058,79
Neon Tiger Bracelet & Bag Tag,41945,0
Candy Kitty Bracelet & Bag Tag,41944,0
Picnic in the park,60326,0
Batman™ & Selina Kyle™ Motorcycle Pursuit,76179,0
Cement Mixer Truck,60325,0
Supersonic-jet,31126,0
Holiday Camper Van,60283,0
Street Racer,31127,0
Ice-Cream Truck,41715,0
Jay’s Thunder Dragon EVO,71760,0
Mickey Mouse and Minnie Mouse's Camping Trip,10777,0
Hulk vs. Rhino Truck Showdown,10782,0
Dinosaur Nursery,10938,0
Heart Box,10909,0
Number Train - Learn To Count,10954,0
Bath Time Fun: Floating Animal Train,10965,0
Belle's Ballroom,10960,0
Doctor Visit,10968,0
Train Tracks,10882,14
Wild Animals of the Ocean,10972,0
The Fox Lodge,21178,0
Recycling Truck,41712,0
Cute Banana Pen Holder,41948,0
Cute Panda Tray,41959,0
Monster Jam™ Megalodon™,42134,0
Message Board,41951,0
Lots of DOTS – Lettering,41950,0
Monster Jam™ El Toro Loco™,42135,0
The Knockdown Stunt Challenge,60341,0
Switch Tracks,60238,0
Road Plates,60304,0
Jay's Golden Dragon Motorbike,71768,0
The Shark Attack Stunt Challenge,60342,0
Snowtrooper™ Battle Pack,75320,0
Attack on New Asgard,76207,0
Hogwarts™ Carriage and Thestrals,76400,0
Zyclops Chase,76830,0
Pteranodon Chase,76943,0
Atrociraptor Dinosaur: Bike Chase,76945,0
Mickey Mouse & Minnie Mouse's Space Rocket,10774,0
The Panda Nursery,21158,0
Minnie Mouse's Ice Cream Shop,10773,111
Garbage Truck and Recycling,10945,0
The Horse Stable,21171,0
Magical Acrobatics,41686,0
Pet Playground,41698,0
Lots of DOTS,41935,0
Pet Clinic,41695,0
Pencil Holder,41936,111
Monster Jam™ Max-D™,42119,0
Monster Jam™ Grave Digger™,42118,0
Elsa and the Nokk Storybook Adventures,43189,0
Antonio's Magical Door,43200,0
Police Prisoner Transport,60276,0
Stunt Competition,60299,0
Isabela's Magical Door,43201,0
Lloyd's Jungle Chopper Bike,71745,0
The Blade Stunt Challenge,60340,0
Jay's Electro Mech,71740,0
Lloyd's Hydro Mech,71750,111
Duel on Mandalore™,75310,0
Toyota GR Supra,76901,0
Spider-Man & Green Goblin Mech Battle,76219,0
Spider-Man & Doctor Octopus Mech Battle,76198,0
Black Panther Dragon Flyer,76186,0
Spider-Man vs. Mysterio’s Drone Attack,76184,0
Koenigsegg Jesko,76900,0
Spider-Man’s Drone Duel,76195,0
McLaren Elva,76902,111
Space Shuttle Mission,10944,0
LEGO® City Advent Calendar,60352,0
The Guardian Battle,21180,0
Train Bridge and Tracks,10872,0
1970 Ferrari 512 M,76906,0
Big Box,41960,681
007 Aston Martin DB5,76911,0
Lamborghini Countach,76908,0
LEGO® Friends Advent Calendar,41706,0
Fast & Furious 1970 Dodge Charger R/T,76912,0
Horse Transporter,60327,0
Tree-Planting Vehicle,41707,0
Rescue Helicopter Transport,60343,0
The Muppets 6 pack,71035,0
tbd-Minifigures-Series-23-6-pack-2022,71036,0
Luigi’s Mansion™ Lab and Poltergust Expansion Set,71397,0
Kai’s Fire Dragon EVO,71762,0
tbd-LEAF-10-2022,71405,0
Lloyd’s Race Car EVO,71763,0
LEGO® Medium Creative Brick Box,10696,0
Creative Transparent Bricks,11013,0
Bricks and Functions,11019,0
The Skeleton Dungeon,21189,0
Sunken Treasure Mission,31130,0
Mickey & Friends Bracelets Mega Pack,41947,0
Pet Adoption Café,41699,0
Adhesive Patches Mega Pack,41957,0
John Deere 9620R 4WD Tractor,42136,0
Ice Cream Truck Police Chase,60314,0
Wild Animal Rescue Missions,60353,0
Fire Rescue & Police Chase,60319,119
Mars Spacecraft Exploration Missions,60354,0
Water Police Detective Missions,60355,0
Batmobile™: The Penguin™ Chase,76181,0
Fire Truck,10969,72
tbd-LSH-24-2022,76225,0
tbd-LSH-25-2022,76226,0
Zane's Golden Dragon Jet,71770,0
Mickey Mouse & Donald Duck's Farm,10775,0
tbd-LSH-31-2022,76230,0
"Mickey, Minnie and Goofy's Fairground Fun",10778,0
Spider-Man at Doc Ock’s Lab,10783,0
Alphabet Truck,10915,0
T. rex and Triceratops Dinosaur Breakout,10939,0
Spider-Man Headquarters,10940,0
Family Camping Van Adventure,10946,0
Horse Stable and Pony Care,10951,0
The Warped Forest,21168,0
Airplane & Airport,10961,59
Safari Wildlife Tree House,31116,0
Race Car Transporter,31113,0
The Ruined Portal,21172,0
Fish Tank,31122,0
Horse Training and Trailer,41441,0
Forest House,41679,192
Heartlake City Organic Café,41444,0
Magical Funfair Stalls,41687,0
Surfer Beach Fun,41710,0
Bag Tags Mega Pack - Messaging,41949,0
Ice Cream Picture Frames & Bracelet,41956,0
Stunt Park,60293,0
"Ariel, Belle, Cinderella and Tiana's Storybook Adventures",43193,0
Beach Lifeguard Station,60328,0
Farmers Market Van,60345,0
Car Transporter,60305,272
Boss Sumo Bro Topple Tower Expansion Set,71388,0
Dorrie’s Beachfront Expansion Set,71398,0
Tournament of Elements,71735,0
The Armorer’s Mandalorian™ Forge,75319,0
Trouble on Tatooine™,75299,0
Hogwarts™ Moment: Charms Class,76385,0
Hogwarts™ Moment: Defence Class,76397,0
Captain Carter & The Hydra Stomper,76201,0
Gargantos Showdown,76205,0
Hogwarts™ Moment: Divination Class,76396,0
Mickey & Minnie Birthday Train,10941,0
Buzz Lightyear’s Planetary Mission,10962,0
Santa's Gingerbread House,10976,0
The Rabbit Ranch,21181,0
Lunar Roving Vehicle,60348,0
The Nether Bastion,21185,0
Dark Trooper™ Attack,75324,0
tbd-IP-LSW14-2022,75332,0
Obi-Wan Kenobi’s Jedi Starfighter™,75333,0
Anna and Olaf's Castle Fun,43204,0
tbd-LSH-Batch-C2-2022,76213,0
Zurg Battle,76831,0
tbd-IP-LSW22-2022-Advent-Calendar,75340,0
Police Mobile Command Truck,60315,0
Blue & Beta Velociraptor Capture,76946,0
Mobile Crane,60324,0
Tony Stark’s Sakaarian Iron Man,76194,0
Batman™ Classic TV Series Batmobile™,76188,0
tbd-LSH-Advent-Calendar-2022,76231,0
tbd-HP-9-2022-Advent-Calendar,76404,0
My First Puppy & Kitten With Sounds,10977,0
tbd-LEAF-11-2022,71406,0
Elsa's Jewelry Box Creation,41168,0
Bath Time Fun: Floating Animal Island,10966,0
Burj Khalifa,21055,0
The Jungle Abomination,21176,0
Majestic Tiger,31129,0
Downtown Noodle Shop,31131,0
Beach Glamping,41700,0
London,21034,281
Stephanie's Sailing Adventure,41716,0
Baking Competition,41393,0
Big Message Board,41952,0
Creative Designer Box,41938,0
Mickey Mouse & Minnie Mouse Back-to-School Project Box,41964,0
Cinderella’s Royal Carriage,43192,0
Anna and Elsa's Frozen Wonderland,43194,0
Jasmine and Mulan’s Adventure,43208,0
Seaside Police and Fire Mission,60308,0
Lakitu Sky World Expansion Set,71389,0
Space Ride Amusement Truck,60313,0
Jungle Dragon,71746,0
Luigi’s Mansion™ Entryway Expansion Set,71399,0
Final Flight of Destiny's Bounty,71749,0
Ninja Dragon Temple,71759,0
Ninja Sub Speeder,71752,0
Cole’s Dragon Cruiser,71769,0
Ninja Training Center,71764,0
tbd-PT-IP-1-2021,75571,0
Republic Fighter Tank™,75342,0
Imperial Armored Marauder,75311,0
Spider-Man at the Sanctum Workshop,76185,0
Iron Man: Iron Monger Mayhem,76190,0
Sanctuary II: Endgame Battle,76237,0
Hogwarts™: Fluffy Encounter,76387,0
Batmobile™ Tumbler: Scarecrow™ Showdown,76239,0
"Fawkes, Dumbledore’s Phoenix",76394,0
Mercedes-AMG F1 W12 E Performance & Mercedes-AMG Project One,76909,0
Chevrolet Corvette C8.R Race Car and 1969 Chevrolet Corvette,76903,0
Aston Martin Valkyrie AMR Pro and Aston Martin Vantage GT3,76910,0
Mei’s Dragon Car,80031,0
Monkie Kid’s Staff Creations,80030,0
tbd-LEAF-17-2022,71412,0
Bonsai Tree,10281,0
LEGO® Large Creative Brick Box,10698,0
Mickey and Friends Castle Defenders,10780,0
Deluxe Brick Box,10914,0
Spider-Man Webquarters Hangout,10784,0
Police Station & Helicopter,10959,0
Wild Animals of South America,10973,0
90 Years of Play,11021,0
Bricks and Wheels,11014,0
Iron Man Figure,76206,74
The Ice Castle,21186,0
The Abandoned Village,21190,0
Surfer Beach House,31118,0
Unicorn Creative Family Pack,41962,68
Jeep® Wrangler,42122,0
Mia's Wildlife Rescue,41717,0
Paris,21044,340
McLaren Senna GTR™,42123,0
Formula E® Porsche 99X Electric,42137,0
Hoth™ AT-ST™,75322,0
Ford Mustang Shelby® GT500®,42138,0
Jay and Nya's Race Car EVO,71776,0
Barn & Farm Animals,60346,0
Obi-Wan Kenobi™ vs. Darth Vader™,75334,0
Wildlife Rescue Off-Roader,60301,281
tbd-LSH-Batch-C1-2022,76211,0
I am Groot,76217,0
XL-15 Spaceship,76832,0
Hogwarts™ Hospital Wing,76398,0
Hogwarts™ Courtyard: Sirius’s Rescue,76401,0
Hungarian Horntail Dragon,76406,0
Pyroraptor & Dilophosaurus Transport,76951,0
T. rex Dinosaur Breakout,76944,0
Triceratops Pickup Truck Ambush,76950,0
Quetzalcoatlus Plane Ambush,76947,0
Mickey & Friends Fire Truck & Station,10776,0
Minnie’s House and Café,10942,0
Space Shuttle Adventure,31117,0
Forest Camper Van and Sailboat,41681,0
Magical Caravan,41688,320
Street Food Market,41701,0
Belle and Rapunzel's Royal Stables,43195,0
Smashing Chimpanzee Stunt Loop,60338,0
Police Patrol Boat,60277,0
Fire Station,60320,481
X-1 Ninja Charger,71737,0
Fire Dragon Attack,71753,0
tbd-PT-IP-2-2021,75572,0
The Keepers' Village,71747,0
Scout Trooper™ Helmet,75305,0
Frozen Ice Castle,10899,0
Boba Fett’s Starship™,75312,0
Ford GT Heritage Edition and Bronco R,76905,0
Chang’e Moon Cake Factory,80032,0
Flower Bouquet,10280,0
Wild Animals of Europe,10979,0
Spider-Man & Friends: Funfair Adventure,10963,0
Roller Disco Arcade,41708,0
Lunar Space Station,60349,0
Adventures with Mario Starter Course,71360,0
Adventures with Luigi Starter Course,71387,0
The Goat Boat,76208,0
Steam Train,10874,0
The Training Grounds,21183,0
Pet Day-Care Center,41718,0
Water Park,41720,495
Designer Toolkit - Patterns,41961,0
"Aurora, Merida and Tiana’s Enchanted Creations",43203,0
Police Station,60316,0
Zane's Titan Mech Battle,71738,0
The Crystal King,71772,0
Lloyd’s Legendary Dragon,71766,0
The Mandalorian’s N-1 Starfighter™,75325,0
Hogwarts™ Magical Trunk,76399,0
The Sky Tower,21173,0
Modular Playhouse,10929,0
Bricks and Animals,11011,0
Magical Ferris Wheel and Slide,41689,0
Fire Command Unit,60282,0
Stunt Show Truck,60294,0
tbd-LEAF-8-2022,71403,0
Big Urchin Beach Ride Expansion Set,71400,0
Classic TV Series Batman™ Cowl,76238,0
Mandalorian Starfighter™,75316,0
Mopar Dodge//SRT Top Fuel Dragster and 1970 Dodge Challenger T/A,76904,0
Floral Art,31207,29
Grocery Store,60347,385
Olivia's Space Academy,41713,0
Ducati Panigale V4 R,42107,0
The Mandalorian™ Helmet,75328,0
Luke Skywalker™ (Red Five) Helmet,75327,0
Death Star™ Trench Run Diorama,75329,0
Nano Gauntlet,76223,0
Dark Trooper™ Helmet,75343,0
Dragon of the East,80037,0
"Barn, Tractor & Farm Animal Care",10952,0
Bricks Bricks Plates,11717,0
Forest Horseback Riding Center,41683,0
Surfer Beachfront,41693,0
Vacation Beach House,41709,0
tbd-LEAF-14-2022,71409,0
tbd-LEAF-12-2022,71407,0
Imperial Probe Droid™,75306,0
Darth Vader™ Meditation Chamber,75296,0
Catamaran Sea Battle,71748,0
Hogwarts™ Wizard’s Chess,76392,0
In Arishem’s Shadow,76155,0
Batcave™: The Riddler™ Face-off,76183,0
Evil Macaque’s Mech,80033,0
Lunar New Year Traditions,80108,0
Canal Houseboat,41702,0
Sonic the Hedgehog™ – Green Hill Zone,21331,0
Learn about Chinese Culture,10411,0
Water Dragon,71754,0
Darth Vader™ Helmet,75304,0
The Crystal King Temple,71771,0
Central Perk,21319,0
Ambush on Ferrix™,75338,0
4 Privet Drive,75968,0
Fiat 500,10271,0
Cinderella and Prince Charming's Castle,43206,0
Train Station,60335,606
The Child,75318,80
Luigi’s Mansion™ Haunt-and-Seek Expansion Set,71401,0
Attack on the Spider Lair,76175,0
All-Terrain Vehicle,42139,0
tbd-LSH-Batch-C3-2022,76214,0
Infinity Gauntlet,76191,0
Death Star™ Trash Compactor Diorama,75339,0
Dagobah™ Jedi™ Training Diorama,75330,0
Iron Man Armory,76216,0
Hogsmeade™ Village Visit,76388,0
Hogwarts™: Dumbledore’s Office,76402,0
The Shrieking Shack & Whomping Willow™,76407,0
Nezha’s Fire Ring,80034,0
Elf Club House,10275,0
NASA Apollo 11 Lunar Lander,10266,0
Horizon Forbidden West: Tallneck,76989,0
adidas Originals Superstar,10282,0
Bird of Paradise,10289,0
Santa’s Visit,10293,0
Vespa 125,10298,0
tbd-Icons-Seasonal-2022,10308,0
tbd-Icon-MDP2-2022,10497,0
Fire Station & Helicopter,10970,0
Build Together,11020,111
Wild Animals of Asia,10974,0
Statue of Liberty,21042,0
Winnie the Pooh,21326,0
The Red Barn,21187,0
Ferris Wheel,31119,0
tbd-Ideas-4-2022,21334,0
Organic Farm,41721,0
Andrea's Theater School,41714,0
Horse Show Trailer,41722,0
THE BATMAN - BATMOBILE™,42127,0
Ultimate Adventure Castle,43205,0
Medieval Castle,31120,111
Ariel's Underwater Palace,43207,0
Fire Brigade,60321,0
Lunar Research Base,60350,0
Ninja Dojo Temple,71767,0
Ninja Ultra Combo Mech,71765,0
Ultra Sonic Raider,71739,0
Wildlife Rescue Operation,60302,586
Boba Fett's Throne Room,75326,0
Kai’s Golden Dragon Raider,71773,0
BD-1™,75335,0
Inquisitor Transport Scythe™,75336,0
tbd-PT-IP-3-2021,75573,0
Hogwarts™ Express,75955,0
Hogwarts™ Astronomy Tower,75969,0
Avengers: Endgame Final Battle,76192,0
T. rex Breakout,76956,0
T. rex & Atrociraptor Dinosaur Breakout,76948,0
The Ministry of Magic™,76403,0
Happy Childhood Moments,10943,0
Heartlake City Shopping Mall,41450,0
Heartlake City Grand Hotel,41684,0
Passenger Airplane,60262,0
Magical Funfair Roller Coaster,41685,0
Town Center,60292,0
Stunt Show Arena,60295,0
Wildlife Rescue Camp,60307,0
The Bad Batch™ Attack Shuttle,75314,0
Bowser’s Airship Expansion Set,71391,0
Hogwarts™ Clock Tower,75948,0
Attack on the Burrow,75980,0
Rise of the Domo,76156,0
Parking Garage and Car Wash,10948,0
Taj Mahal,21056,0
Lunar New Year Ice Festival,80109,0
Monkie Kid's Galactic Explorer,80035,0
Monkie Kid’s Team Van,80038,0
tbd-ideas-6-2022,21336,0
Fender® Stratocaster™,21329,0
Viking Ship and the Midgard Serpent,31132,0
Jim Lee Batman™ Collection,31205,0
Temple of the Endless Sea,71755,0
Nya's Samurai X MECH,71775,0
Dom's Dodge Charger,42111,0
Cargo Train,10875,0
Wild Animals of the World,10975,0
Pickup Truck,10290,0
The Llama Village,21188,0
Pirate Ship,31109,184
12 Grimmauld Place,76408,0
Art Project - Create Together,21226,0
The Modern Treehouse,21174,0
Disney's Mickey Mouse,31202,0
Thor's Hammer,76209,0
123 Sesame Street,21324,0
Harry Potter™ Hogwarts™ Crests,31201,0
Elvis Presley “The King”,31204,0
Off-Road Buggy,42124,0
LEGO® NASA Apollo Saturn V,92176,0
tbd-LEAF-13-2022,71408,0
Great Pyramid of Giza,21058,0
The Razor Crest™,75292,0
Amusement Park,10956,0
tbd-IP-LSW-19-2022,75337,0
Giganotosaurus & Therizinosaurus Attack,76949,0
Main Street Building,41704,0
The Rolling Stones,31206,0
Harry Potter™ & Hermione Granger™,76393,0
Passenger Train,60197,0
Rocket Launch Center,60351,0
Express Passenger Train,60337,0
App-Controlled Transformation Vehicle,42140,0
Double Loop Stunt Arena,60339,0
Hydro Bounty,71756,0
tbd-PT-IP-4-2021,75574,0
Lloyd’s Golden Ultra Dragon,71774,0
Hogwarts™ Chamber of Secrets,76389,0
Porsche 911,10295,0
Ford® F-150 Raptor,42126,0
The City of Lanterns,80036,0
Ford Mustang,10265,0
Vincent van Gogh - The Starry Night,21333,0
tbd-Icons-IP-Vehicle-2-2022,10304,0
The Guardians’ Ship,76193,0
Freight Train,60336,60
Volkswagen T2 Camper Van,10279,0
tbd-IP-LSW4-2022,75323,0
Optimus Prime,10302,0
Heavy-duty Tow Truck,42128,0
Imperial Light Cruiser™,75315,0
Mickey Mouse & Minnie Mouse Buildable Ch,43179,0
NASA Space Shuttle Discovery,10283,0
Back to the Future Time Machine,10300,0
McLaren Formula 1™ Race Car,42141,0
Airbus H175 Rescue Helicopter,42145,0
The Heavenly Realms,80039,0
Ferrari 488 GTE “AF Corse #51”,42125,0
Land Rover Defender,42110,1362
Super Mario 64™ Question Mark Block,71395,0
1989 Batwing,76161,0
Boutique Hotel,10297,0
Ghostbusters™ ECTO-1,10274,0
R2-D2™,75308,0
tbd-Icons-IP-Games-1-2022,10306,0
Luke Skywalker’s Landspeeder™,75341,0
tbd-Ideas-7-2022,21337,0
BMW M 1000 RR,42130,0
tbd-LSH-17-2022,76218,0
Nintendo Entertainment System™,71374,0
tbd-LEAF-16-2022,71411,0
tbd-Ideas-5-2022,21335,0
Assembly Square,10255,0
Hogwarts™ Icons - Collectors' Edition,76391,0
Camp Nou – FC Barcelona,10284,0
Old Trafford - Manchester United,10272,0
App-Controlled 4x4 Mercedes-Benz Zetros Trial Truck,42129,0
tbd-LSH-14-2022,76215,0
Daily Bugle,76178,0
Robot Inventor,51515,0
NINJAGO® City Gardens,71741,111
Real Madrid – Santiago Bernabéu Stadium,10299,0
tbd-Icons-Special-1-2022,10305,0
Mos Eisley Cantina™,75290,0
Grand Piano,21323,0
Republic Gunship™,75309,0
Ferrari Daytona SP3,42143,0
Bugatti Chiron,42083,0
Lamborghini Sián FKP 37,42115,0
Diagon Alley™,75978,0
App-Controlled Cat® D11 Bulldozer,42131,0
tbd-LSH-9-2022,76210,0
tbd-HP-10-2022-D2C,76405,0
tbd-IP-LSW-13-2022,75331,0
tbd-Icons-World-Buildings-1-2022,10307,0
AT-AT™,75313,32
Imperial Star Destroyer™,75252,0
Millennium Falcon™,75192,0
6x6 Volvo Articulated Hauler,42114,0
